{"cameraMode":{"drawMode":0,"name":"Shaded","section":"Shading Mode"},"sceneLighting":true,"audioPlay":false,"sceneViewState":{"m_AlwaysRefresh":false,"showFog":true,"showSkybox":true,"showFlares":true,"showImageEffects":true,"showParticleSystems":true,"showVisualEffectGraphs":true,"m_FxEnabled":true},"in2DMode":false,"pivot":{"x":-3.039857864379883,"y":0.8603811264038086,"z":8.813556671142579},"rotation":{"x":-0.13403096795082093,"y":-0.11212573200464249,"z":0.015264934860169888,"w":-0.9844977855682373},"size":11.66521167755127,"orthographic":false}